Title,Start,End,URL
CultureMap City Rink | Main Street Garden,2026-11-20T10:00:00-06:00,2026-11-20T22:00:00-06:00,https://downtowndallas.com/event/culturemap-city-rink-main-street-garden-2/2026-11-20/
CultureMap City Rink | Main Street Garden,2026-11-20T10:00:00-06:00,2027-01-05T22:00:00-06:00,https://downtowndallas.com/event/culturemap-city-rink-main-street-garden/
6th Annual Oktoberfest,2026-09-26T13:00:00-05:00,2026-09-26T18:00:00-05:00,https://downtowndallas.com/event/6th-annual-oktoberfest/
Trick or Treat on Downtown Streets,2026-10-31T16:00:00-05:00,2026-10-31T19:00:00-05:00,https://downtowndallas.com/event/trick-or-treat-on-downtown-streets/
North Texas Giving Day – Downtown Dallas Day of Giving,2026-09-14T10:30:00-05:00,2026-09-14T13:30:00-05:00,https://downtowndallas.com/event/north-texas-giving-day-downtown-dallas-day-of-giving/
Kickball Adult League,2026-09-16T19:00:00-05:00,2026-09-16T21:00:00-05:00,https://downtowndallas.com/event/kickball-adult-league/2026-09-16/
Bingo on the Green,2026-09-10T19:00:00-05:00,2026-09-10T21:00:00-05:00,https://downtowndallas.com/event/bingo-on-the-green/2026-09-10/
Art of Mixology at Dallas Marriott Downtown,2026-08-28T18:00:00-05:00,2026-08-28T19:30:00-05:00,https://downtowndallas.com/event/art-of-mixology-at-dallas-marriott-downtown/2026-08-28/
Grow & Gather Series,2026-09-10T13:00:00-05:00,2026-09-10T14:30:00-05:00,https://downtowndallas.com/event/grow-gather-series/2026-09-10/
An Evening with Peter Billingsley and A Christmas Story,2026-12-13T17:00:00-06:00,2026-12-13T21:00:00-06:00,https://downtowndallas.com/event/an-evening-with-peter-billingsley-and-a-christmas-story/
Potted Potter – The Unauthorized Harry Experience,2027-01-08T20:00:00-06:00,2027-01-08T22:00:00-06:00,https://downtowndallas.com/event/potted-potter-the-unauthorized-harry-experience/2027-01-08/
Richard Thomas in Mark Twain Tonight!,2027-04-27T19:30:00-05:00,2027-04-27T21:30:00-05:00,https://downtowndallas.com/event/richard-thomas-in-mark-twain-tonight/
Paula Poundstone,2026-10-16T19:30:00-05:00,2026-10-16T21:30:00-05:00,https://downtowndallas.com/event/paula-poundstone/
Love Actually in Concert,2026-12-26T19:30:00-06:00,2026-12-26T21:30:00-06:00,https://downtowndallas.com/event/love-actually-in-concert/
Cirque Musica: Holiday Wonderland,2026-12-21T19:30:00-06:00,2026-12-21T21:30:00-06:00,https://downtowndallas.com/event/cirque-musica-holiday-wonderland/2026-12-21/
Come Tea Us x Harwood Tavern: Sip & Create Social Series,2026-08-26T17:00:00-05:00,2026-10-29T19:00:00-05:00,https://downtowndallas.com/event/come-tea-us-x-harwood-tavern-sip-create-social-series/2026-08-26/
Rhapsody at Turtle Manor,2026-09-26T19:00:00-05:00,2026-09-26T22:00:00-05:00,https://downtowndallas.com/event/rhapsody-at-turtle-manor/
Latinidad Festival 2026,2026-10-03T18:00:00-05:00,2026-10-03T21:00:00-05:00,https://downtowndallas.com/event/latinidad-festival-2026-free/
Barrel to Table: An Herradura Pairing Dinner Experience,2026-08-27T19:30:00-05:00,2026-08-27T23:00:00-05:00,https://downtowndallas.com/event/barrel-to-table-an-herradura-pairing-dinner-experience/
Golden Hoopers,2026-08-29T14:00:00-05:00,2026-08-29T15:30:00-05:00,https://downtowndallas.com/event/golden-hoopers/2026-08-29/
The Billy Joel Legacy,2026-10-25T19:00:00-05:00,2026-10-25T21:00:00-05:00,https://downtowndallas.com/event/the-billy-joel-legacy/
Let’s Talk Trash,2026-09-12T10:00:00-05:00,2026-09-12T14:00:00-05:00,https://downtowndallas.com/event/lets-talk-trash-6/2026-09-12/
Let’s Talk Trash,2026-11-14T10:00:00-06:00,2026-11-14T14:00:00-06:00,https://downtowndallas.com/event/lets-talk-trash-8/2026-11-14/
Better Is Peace: 9/11 Remembered Through Song and Dance,2026-09-16T19:30:00-05:00,2026-09-16T22:00:00-05:00,https://downtowndallas.com/event/better-is-peace-9-11-remembered-through-song-and-dance/
Let’s Talk Trash,2026-10-10T10:00:00-05:00,2026-10-10T14:00:00-05:00,https://downtowndallas.com/event/lets-talk-trash-7/2026-10-10/
October Movie Nights,2026-10-02T19:00:00-05:00,2026-10-02T21:00:00-05:00,https://downtowndallas.com/event/october-movie-nights/2026-10-02/
August Movie Nights,2026-08-24T19:30:00-05:00,2026-08-24T21:30:00-05:00,https://downtowndallas.com/event/august-movie-nights/2026-08-24/
Soccer: More Than a Game Exhibit,2026-08-24T03:00:00-05:00,2026-08-25T02:59:59-05:00,https://downtowndallas.com/event/soccer-more-than-a-game-exhibit/2026-08-24/
RRC Next: Young Professionals Kickoff,2026-09-16T18:30:00-05:00,2026-09-16T19:30:00-05:00,https://downtowndallas.com/event/rrc-next-young-professionals-kickoff/
Bingo on the Green,2026-10-01T19:00:00-05:00,2026-10-01T21:00:00-05:00,https://downtowndallas.com/event/bingo-on-the-green-2/2026-10-01/
Lyle Lovett and his Small Large Band,2026-11-18T19:30:00-06:00,2026-11-18T21:30:00-06:00,https://downtowndallas.com/event/lyle-lovett-and-his-small-large-band/
A Drag Queen Christmas,2026-12-20T19:30:00-06:00,2026-12-20T21:30:00-06:00,https://downtowndallas.com/event/a-drag-queen-christmas/
Menopause the Musical,2027-02-05T19:30:00-06:00,2027-02-05T21:30:00-06:00,https://downtowndallas.com/event/menopause-the-musical/2027-02-05/
Gala Concert with Idina Menzel,2026-09-26T19:30:00-05:00,2026-09-26T21:30:00-05:00,https://downtowndallas.com/event/gala-concert-with-idina-menzel/
Hold On To Your Butts,2026-10-17T19:00:00-05:00,2026-10-17T21:00:00-05:00,https://downtowndallas.com/event/hold-on-to-your-butts/2026-10-17/1/
Classic Albums Live performs The Eagles: Hotel California,2026-08-29T19:30:00-05:00,2026-08-29T21:30:00-05:00,https://downtowndallas.com/event/classic-albums-live-performs-the-eagles-hotel-california/
Astonished Magic Show,2026-09-04T19:00:00-05:00,2026-09-04T20:00:00-05:00,https://downtowndallas.com/event/astonished-magic-show/2026-09-04/1/
Farm to Flame Signature Dining Experience,2026-09-19T18:00:00-05:00,2026-09-19T20:00:00-05:00,https://downtowndallas.com/event/farm-to-flame-signature-dining-experience/2026-09-19/
Switchfoot with special guest Anberlin Forever Now Tour,2026-11-15T20:00:00-06:00,2026-11-15T22:00:00-06:00,https://downtowndallas.com/event/switchfoot-with-special-guest-anberlin-forever-now-tour/
Hospitality & Heroes Night,2026-08-30T03:00:00-05:00,2026-08-31T02:59:59-05:00,https://downtowndallas.com/event/hospitality-heroes-night/2026-08-30/
SPARK! City Immersive Art Experience,2026-08-24T13:00:00-05:00,2026-08-24T17:00:00-05:00,https://downtowndallas.com/event/spark-city-immersive-art-experience/2026-08-24/
Run of Remembrance,2026-11-02T07:00:00-06:00,2026-11-02T11:00:00-06:00,https://downtowndallas.com/event/run-of-remembrance/
Wine Down Wednesday at Pegasus Pizza,2026-08-26T16:00:00-05:00,2026-08-26T19:00:00-05:00,https://downtowndallas.com/event/wine-down-wednesday-at-pegasus-pizza/2026-08-26/
Downtown Goat Yoga,2026-09-19T10:00:00-05:00,2026-09-19T11:00:00-05:00,https://downtowndallas.com/event/downtown-goat-yoga-2/2026-09-19/
UNDERTALE: The Determination Symphony,2026-09-06T20:00:00-05:00,2026-09-06T22:00:00-05:00,https://downtowndallas.com/event/undertale-the-determination-symphony/
Outlander in Concert Echoes Through the Highlands,2026-11-25T19:30:00-06:00,2026-11-25T21:00:00-06:00,https://downtowndallas.com/event/outlander-in-concert-echoes-through-the-highlands/
Happy Hour at Wild Bill’s Western Store,2026-08-30T12:00:00-05:00,2026-08-30T18:00:00-05:00,https://downtowndallas.com/event/happy-hour-at-wild-bills-western-store-3/2026-08-30/
Happy Hour at Wild Bill’s Western Store,2026-08-27T10:30:00-05:00,2026-08-27T20:00:00-05:00,https://downtowndallas.com/event/happy-hour-at-wild-bills-western-store-2/2026-08-27/
Taco Tuesday at Cafe Herrera,2026-08-25T16:00:00-05:00,2026-08-25T19:00:00-05:00,https://downtowndallas.com/event/taco-tuesday-at-cafe-herrera/2026-08-25/
Locals Night at Rodeo Bar,2026-08-30T11:00:00-05:00,2026-08-30T23:00:00-05:00,https://downtowndallas.com/event/ladies-night-at-rodeo-bar-2/2026-08-30/
Tiles and Teas: Mahjong Afternoon Tea at The Conservatory,2026-08-29T12:00:00-05:00,2026-08-29T16:00:00-05:00,https://downtowndallas.com/event/tiles-and-teas-mahjong-afternoon-tea-at-the-conservatory/2026-08-29/
Wild Salsa Taco Tuesday,2026-08-25T11:00:00-05:00,2026-08-25T22:00:00-05:00,https://downtowndallas.com/event/wild-salsa-taco-tuesday/2026-08-25/
Wild Salsa Wild Hour,2026-08-24T16:00:00-05:00,2026-08-24T18:00:00-05:00,https://downtowndallas.com/event/wild-salsa-wild-hour/2026-08-24/
Industry Night at Rodeo Bar,2026-08-24T16:00:00-05:00,2026-08-24T23:59:00-05:00,https://downtowndallas.com/event/industry-night-at-rodeo-bar/2026-08-24/
